[
  {
    "model": "cms.usersettings",
    "pk": 1,
    "fields": {
      "user": 1,
      "language": "fr",
      "clipboard": 1
    }
  },
  {
    "model": "cms.treenode",
    "pk": 6,
    "fields": {
      "path": "0001",
      "depth": 1,
      "numchild": 0,
      "parent": null,
      "site": 1
    }
  },
  {
    "model": "cms.treenode",
    "pk": 7,
    "fields": {
      "path": "0002",
      "depth": 1,
      "numchild": 0,
      "parent": null,
      "site": 1
    }
  },
  {
    "model": "cms.treenode",
    "pk": 8,
    "fields": {
      "path": "0003",
      "depth": 1,
      "numchild": 0,
      "parent": null,
      "site": 1
    }
  },
  {
    "model": "cms.treenode",
    "pk": 9,
    "fields": {
      "path": "0004",
      "depth": 1,
      "numchild": 0,
      "parent": null,
      "site": 1
    }
  },
  {
    "model": "cms.treenode",
    "pk": 11,
    "fields": {
      "path": "0006",
      "depth": 1,
      "numchild": 0,
      "parent": null,
      "site": 1
    }
  },
  {
    "model": "cms.treenode",
    "pk": 12,
    "fields": {
      "path": "0007",
      "depth": 1,
      "numchild": 0,
      "parent": null,
      "site": 1
    }
  },
  {
    "model": "cms.treenode",
    "pk": 13,
    "fields": {
      "path": "0008",
      "depth": 1,
      "numchild": 0,
      "parent": null,
      "site": 1
    }
  },
  {
    "model": "cms.treenode",
    "pk": 14,
    "fields": {
      "path": "0009",
      "depth": 1,
      "numchild": 0,
      "parent": null,
      "site": 1
    }
  },
  {
    "model": "cms.page",
    "pk": 6,
    "fields": {
      "created_by": "Dev bienseance",
      "changed_by": "Dev bienseance",
      "creation_date": "2018-08-21T11:22:30.015Z",
      "changed_date": "2018-09-17T23:00:41.430Z",
      "publication_date": "2018-08-21T11:22:30.080Z",
      "publication_end_date": null,
      "in_navigation": false,
      "soft_root": false,
      "reverse_id": "home",
      "navigation_extenders": null,
      "template": "home.html",
      "login_required": false,
      "limit_visibility_in_menu": null,
      "is_home": true,
      "application_urls": "HomeApp",
      "application_namespace": "home",
      "publisher_is_draft": true,
      "publisher_public": 7,
      "languages": "fr",
      "xframe_options": 0,
      "is_page_type": false,
      "node": 6,
      "placeholders": [
        32,
        33,
        2,
        3,
        4,
        5,
        6,
        7,
        8,
        9,
        10,
        24,
        26,
        28,
        29,
        201,
        202,
        203
      ]
    }
  },
  {
    "model": "cms.page",
    "pk": 7,
    "fields": {
      "created_by": "Dev bienseance",
      "changed_by": "Dev bienseance",
      "creation_date": "2018-08-21T11:22:30.080Z",
      "changed_date": "2018-09-22T17:15:07.981Z",
      "publication_date": "2018-08-21T11:22:30.080Z",
      "publication_end_date": null,
      "in_navigation": false,
      "soft_root": false,
      "reverse_id": "home",
      "navigation_extenders": null,
      "template": "home.html",
      "login_required": false,
      "limit_visibility_in_menu": null,
      "is_home": true,
      "application_urls": "HomeApp",
      "application_namespace": "home",
      "publisher_is_draft": false,
      "publisher_public": 6,
      "languages": "fr",
      "xframe_options": 0,
      "is_page_type": false,
      "node": 6,
      "placeholders": [
        34,
        35,
        11,
        12,
        13,
        14,
        15,
        16,
        17,
        18,
        19,
        25,
        27,
        30,
        31,
        200,
        204,
        205
      ]
    }
  },
  {
    "model": "cms.page",
    "pk": 8,
    "fields": {
      "created_by": "Dev bienseance",
      "changed_by": "Dev bienseance",
      "creation_date": "2018-08-23T22:16:37.543Z",
      "changed_date": "2018-09-22T16:14:29.378Z",
      "publication_date": "2018-08-23T22:16:41.141Z",
      "publication_end_date": null,
      "in_navigation": true,
      "soft_root": false,
      "reverse_id": null,
      "navigation_extenders": null,
      "template": "about.html",
      "login_required": false,
      "limit_visibility_in_menu": null,
      "is_home": false,
      "application_urls": "",
      "application_namespace": null,
      "publisher_is_draft": true,
      "publisher_public": 9,
      "languages": "fr",
      "xframe_options": 0,
      "is_page_type": false,
      "node": 7,
      "placeholders": [
        81,
        91,
        92
      ]
    }
  },
  {
    "model": "cms.page",
    "pk": 9,
    "fields": {
      "created_by": "Dev bienseance",
      "changed_by": "Dev bienseance",
      "creation_date": "2018-08-23T22:16:41.141Z",
      "changed_date": "2018-09-22T16:14:32.187Z",
      "publication_date": "2018-08-23T22:16:41.141Z",
      "publication_end_date": null,
      "in_navigation": true,
      "soft_root": false,
      "reverse_id": null,
      "navigation_extenders": null,
      "template": "about.html",
      "login_required": false,
      "limit_visibility_in_menu": null,
      "is_home": false,
      "application_urls": "",
      "application_namespace": null,
      "publisher_is_draft": false,
      "publisher_public": 8,
      "languages": "fr",
      "xframe_options": 0,
      "is_page_type": false,
      "node": 7,
      "placeholders": [
        72,
        73,
        74,
        75,
        76,
        77,
        78,
        79,
        80
      ]
    }
  },
  {
    "model": "cms.page",
    "pk": 10,
    "fields": {
      "created_by": "Dev bienseance",
      "changed_by": "Dev bienseance",
      "creation_date": "2018-08-23T22:17:10.586Z",
      "changed_date": "2018-09-13T03:10:35.633Z",
      "publication_date": "2018-08-23T22:17:23.496Z",
      "publication_end_date": null,
      "in_navigation": true,
      "soft_root": false,
      "reverse_id": "articles",
      "navigation_extenders": null,
      "template": "blogs/list.html",
      "login_required": false,
      "limit_visibility_in_menu": null,
      "is_home": false,
      "application_urls": "BlogApp",
      "application_namespace": "blogs",
      "publisher_is_draft": true,
      "publisher_public": 12,
      "languages": "fr",
      "xframe_options": 0,
      "is_page_type": false,
      "node": 8,
      "placeholders": [
        96,
        97,
        98,
        99,
        100,
        101,
        93,
        94,
        95
      ]
    }
  },
  {
    "model": "cms.page",
    "pk": 11,
    "fields": {
      "created_by": "Dev bienseance",
      "changed_by": "Dev bienseance",
      "creation_date": "2018-08-23T22:17:17.958Z",
      "changed_date": "2018-09-18T03:29:06.334Z",
      "publication_date": "2018-08-23T22:17:27.231Z",
      "publication_end_date": null,
      "in_navigation": true,
      "soft_root": false,
      "reverse_id": "products",
      "navigation_extenders": null,
      "template": "products/list.html",
      "login_required": false,
      "limit_visibility_in_menu": null,
      "is_home": false,
      "application_urls": "ProductApp",
      "application_namespace": "products",
      "publisher_is_draft": true,
      "publisher_public": 13,
      "languages": "fr",
      "xframe_options": 0,
      "is_page_type": false,
      "node": 9,
      "placeholders": [
        120,
        121,
        122,
        123,
        124,
        125,
        126,
        127,
        128,
        169,
        170,
        172
      ]
    }
  },
  {
    "model": "cms.page",
    "pk": 12,
    "fields": {
      "created_by": "Dev bienseance",
      "changed_by": "Dev bienseance",
      "creation_date": "2018-08-23T22:17:23.496Z",
      "changed_date": "2018-09-19T00:30:12.989Z",
      "publication_date": "2018-08-23T22:17:23.496Z",
      "publication_end_date": null,
      "in_navigation": true,
      "soft_root": false,
      "reverse_id": "articles",
      "navigation_extenders": null,
      "template": "blogs/list.html",
      "login_required": false,
      "limit_visibility_in_menu": null,
      "is_home": false,
      "application_urls": "BlogApp",
      "application_namespace": "blogs",
      "publisher_is_draft": false,
      "publisher_public": 10,
      "languages": "fr",
      "xframe_options": 0,
      "is_page_type": false,
      "node": 8,
      "placeholders": [
        82,
        83,
        84,
        85,
        86,
        87,
        88,
        89,
        90
      ]
    }
  },
  {
    "model": "cms.page",
    "pk": 13,
    "fields": {
      "created_by": "Dev bienseance",
      "changed_by": "Dev bienseance",
      "creation_date": "2018-08-23T22:17:27.231Z",
      "changed_date": "2018-09-18T03:29:08.865Z",
      "publication_date": "2018-08-23T22:17:27.231Z",
      "publication_end_date": null,
      "in_navigation": true,
      "soft_root": false,
      "reverse_id": "products",
      "navigation_extenders": null,
      "template": "products/list.html",
      "login_required": false,
      "limit_visibility_in_menu": null,
      "is_home": false,
      "application_urls": "ProductApp",
      "application_namespace": "products",
      "publisher_is_draft": false,
      "publisher_public": 11,
      "languages": "fr",
      "xframe_options": 0,
      "is_page_type": false,
      "node": 9,
      "placeholders": [
        102,
        103,
        104,
        105,
        106,
        107,
        108,
        109,
        110,
        168,
        171,
        173
      ]
    }
  },
  {
    "model": "cms.page",
    "pk": 15,
    "fields": {
      "created_by": "Dev bienseance",
      "changed_by": "Dev bienseance",
      "creation_date": "2018-08-28T22:58:12.224Z",
      "changed_date": "2018-09-15T19:22:23.205Z",
      "publication_date": "2018-08-28T22:58:15.487Z",
      "publication_end_date": null,
      "in_navigation": true,
      "soft_root": false,
      "reverse_id": null,
      "navigation_extenders": null,
      "template": "contact.html",
      "login_required": false,
      "limit_visibility_in_menu": null,
      "is_home": false,
      "application_urls": "",
      "application_namespace": null,
      "publisher_is_draft": true,
      "publisher_public": 16,
      "languages": "fr",
      "xframe_options": 0,
      "is_page_type": false,
      "node": 11,
      "placeholders": [
        138,
        150,
        152,
        157,
        158,
        159,
        161,
        164,
        165
      ]
    }
  },
  {
    "model": "cms.page",
    "pk": 16,
    "fields": {
      "created_by": "Dev bienseance",
      "changed_by": "Dev bienseance",
      "creation_date": "2018-08-28T22:58:15.488Z",
      "changed_date": "2018-09-18T00:42:08.630Z",
      "publication_date": "2018-08-28T22:58:15.487Z",
      "publication_end_date": null,
      "in_navigation": true,
      "soft_root": false,
      "reverse_id": null,
      "navigation_extenders": null,
      "template": "contact.html",
      "login_required": false,
      "limit_visibility_in_menu": null,
      "is_home": false,
      "application_urls": "",
      "application_namespace": null,
      "publisher_is_draft": false,
      "publisher_public": 15,
      "languages": "fr",
      "xframe_options": 0,
      "is_page_type": false,
      "node": 11,
      "placeholders": [
        129,
        130,
        131,
        132,
        133,
        134,
        135,
        136,
        137,
        151,
        153,
        154,
        155,
        156,
        160,
        162,
        163
      ]
    }
  },
  {
    "model": "cms.page",
    "pk": 18,
    "fields": {
      "created_by": "Dev bienseance",
      "changed_by": "Dev bienseance",
      "creation_date": "2018-09-05T11:44:09.178Z",
      "changed_date": "2018-09-17T03:48:56.565Z",
      "publication_date": "2018-09-05T11:44:30.551Z",
      "publication_end_date": null,
      "in_navigation": false,
      "soft_root": false,
      "reverse_id": null,
      "navigation_extenders": null,
      "template": "default.html",
      "login_required": false,
      "limit_visibility_in_menu": null,
      "is_home": false,
      "application_urls": "",
      "application_namespace": null,
      "publisher_is_draft": true,
      "publisher_public": 19,
      "languages": "fr,en",
      "xframe_options": 0,
      "is_page_type": false,
      "node": 12,
      "placeholders": [
        36,
        37,
        38,
        39,
        40,
        41,
        42,
        43,
        44,
        148
      ]
    }
  },
  {
    "model": "cms.page",
    "pk": 19,
    "fields": {
      "created_by": "Dev bienseance",
      "changed_by": "Dev bienseance",
      "creation_date": "2018-09-05T11:44:30.551Z",
      "changed_date": "2018-09-17T04:13:08.557Z",
      "publication_date": "2018-09-05T11:44:30.551Z",
      "publication_end_date": null,
      "in_navigation": false,
      "soft_root": false,
      "reverse_id": null,
      "navigation_extenders": null,
      "template": "default.html",
      "login_required": false,
      "limit_visibility_in_menu": null,
      "is_home": false,
      "application_urls": "",
      "application_namespace": null,
      "publisher_is_draft": false,
      "publisher_public": 18,
      "languages": "en,fr",
      "xframe_options": 0,
      "is_page_type": false,
      "node": 12,
      "placeholders": [
        45,
        46,
        47,
        48,
        49,
        50,
        51,
        52,
        53,
        149
      ]
    }
  },
  {
    "model": "cms.page",
    "pk": 20,
    "fields": {
      "created_by": "Dev bienseance",
      "changed_by": "Dev bienseance",
      "creation_date": "2018-09-05T11:45:38.344Z",
      "changed_date": "2018-09-05T11:45:50.390Z",
      "publication_date": "2018-09-05T11:45:53.303Z",
      "publication_end_date": null,
      "in_navigation": false,
      "soft_root": false,
      "reverse_id": null,
      "navigation_extenders": null,
      "template": "INHERIT",
      "login_required": false,
      "limit_visibility_in_menu": null,
      "is_home": false,
      "application_urls": null,
      "application_namespace": null,
      "publisher_is_draft": true,
      "publisher_public": 21,
      "languages": "fr,en",
      "xframe_options": 0,
      "is_page_type": false,
      "node": 13,
      "placeholders": [
        54,
        55,
        56,
        57,
        58,
        59,
        60,
        61,
        62
      ]
    }
  },
  {
    "model": "cms.page",
    "pk": 21,
    "fields": {
      "created_by": "Dev bienseance",
      "changed_by": "Dev bienseance",
      "creation_date": "2018-09-05T11:45:53.304Z",
      "changed_date": "2018-09-05T11:45:56.192Z",
      "publication_date": "2018-09-05T11:45:53.303Z",
      "publication_end_date": null,
      "in_navigation": false,
      "soft_root": false,
      "reverse_id": null,
      "navigation_extenders": null,
      "template": "INHERIT",
      "login_required": false,
      "limit_visibility_in_menu": null,
      "is_home": false,
      "application_urls": null,
      "application_namespace": null,
      "publisher_is_draft": false,
      "publisher_public": 20,
      "languages": "en,fr",
      "xframe_options": 0,
      "is_page_type": false,
      "node": 13,
      "placeholders": [
        64,
        65,
        66,
        67,
        68,
        69,
        70,
        71,
        63
      ]
    }
  },
  {
    "model": "cms.page",
    "pk": 22,
    "fields": {
      "created_by": "Dev bienseance",
      "changed_by": "Dev bienseance",
      "creation_date": "2018-09-20T01:23:58.241Z",
      "changed_date": "2018-09-20T02:17:38.484Z",
      "publication_date": "2018-09-20T01:24:01.275Z",
      "publication_end_date": null,
      "in_navigation": false,
      "soft_root": false,
      "reverse_id": null,
      "navigation_extenders": null,
      "template": "coming-soon.html",
      "login_required": false,
      "limit_visibility_in_menu": null,
      "is_home": false,
      "application_urls": "",
      "application_namespace": null,
      "publisher_is_draft": true,
      "publisher_public": 23,
      "languages": "fr",
      "xframe_options": 0,
      "is_page_type": false,
      "node": 14,
      "placeholders": [
        176,
        177,
        180,
        181,
        182,
        183,
        184,
        185,
        186,
        187,
        207
      ]
    }
  },
  {
    "model": "cms.page",
    "pk": 23,
    "fields": {
      "created_by": "Dev bienseance",
      "changed_by": "Dev bienseance",
      "creation_date": "2018-09-20T01:24:01.275Z",
      "changed_date": "2018-09-23T23:40:30.211Z",
      "publication_date": "2018-09-20T01:24:01.275Z",
      "publication_end_date": null,
      "in_navigation": false,
      "soft_root": false,
      "reverse_id": null,
      "navigation_extenders": null,
      "template": "coming-soon.html",
      "login_required": false,
      "limit_visibility_in_menu": null,
      "is_home": false,
      "application_urls": "",
      "application_namespace": null,
      "publisher_is_draft": false,
      "publisher_public": 22,
      "languages": "fr",
      "xframe_options": 0,
      "is_page_type": false,
      "node": 14,
      "placeholders": [
        178,
        179,
        188,
        189,
        190,
        191,
        192,
        193,
        194,
        195,
        206
      ]
    }
  },
  {
    "model": "cms.placeholder",
    "pk": 1,
    "fields": {
      "slot": "clipboard",
      "default_width": null
    }
  },
  {
    "model": "cms.placeholder",
    "pk": 2,
    "fields": {
      "slot": "company_logo",
      "default_width": null
    }
  },
  {
    "model": "cms.placeholder",
    "pk": 3,
    "fields": {
      "slot": "hero logo",
      "default_width": null
    }
  },
  {
    "model": "cms.placeholder",
    "pk": 4,
    "fields": {
      "slot": "hero_title",
      "default_width": null
    }
  },
  {
    "model": "cms.placeholder",
    "pk": 5,
    "fields": {
      "slot": "hero_text",
      "default_width": null
    }
  },
  {
    "model": "cms.placeholder",
    "pk": 6,
    "fields": {
      "slot": "Sections",
      "default_width": null
    }
  },
  {
    "model": "cms.placeholder",
    "pk": 7,
    "fields": {
      "slot": "footer logo",
      "default_width": null
    }
  },
  {
    "model": "cms.placeholder",
    "pk": 8,
    "fields": {
      "slot": "social networks",
      "default_width": null
    }
  },
  {
    "model": "cms.placeholder",
    "pk": 9,
    "fields": {
      "slot": "footer text",
      "default_width": null
    }
  },
  {
    "model": "cms.placeholder",
    "pk": 10,
    "fields": {
      "slot": "footer text right",
      "default_width": null
    }
  },
  {
    "model": "cms.placeholder",
    "pk": 11,
    "fields": {
      "slot": "company_logo",
      "default_width": null
    }
  },
  {
    "model": "cms.placeholder",
    "pk": 12,
    "fields": {
      "slot": "hero logo",
      "default_width": null
    }
  },
  {
    "model": "cms.placeholder",
    "pk": 13,
    "fields": {
      "slot": "hero_title",
      "default_width": null
    }
  },
  {
    "model": "cms.placeholder",
    "pk": 14,
    "fields": {
      "slot": "hero_text",
      "default_width": null
    }
  },
  {
    "model": "cms.placeholder",
    "pk": 15,
    "fields": {
      "slot": "Sections",
      "default_width": null
    }
  },
  {
    "model": "cms.placeholder",
    "pk": 16,
    "fields": {
      "slot": "footer logo",
      "default_width": null
    }
  },
  {
    "model": "cms.placeholder",
    "pk": 17,
    "fields": {
      "slot": "social networks",
      "default_width": null
    }
  },
  {
    "model": "cms.placeholder",
    "pk": 18,
    "fields": {
      "slot": "footer text",
      "default_width": null
    }
  },
  {
    "model": "cms.placeholder",
    "pk": 19,
    "fields": {
      "slot": "footer text right",
      "default_width": null
    }
  },
  {
    "model": "cms.placeholder",
    "pk": 20,
    "fields": {
      "slot": "Logo",
      "default_width": null
    }
  },
  {
    "model": "cms.placeholder",
    "pk": 21,
    "fields": {
      "slot": "Logo",
      "default_width": null
    }
  },
  {
    "model": "cms.placeholder",
    "pk": 22,
    "fields": {
      "slot": "footer text",
      "default_width": null
    }
  },
  {
    "model": "cms.placeholder",
    "pk": 23,
    "fields": {
      "slot": "footer text",
      "default_width": null
    }
  },
  {
    "model": "cms.placeholder",
    "pk": 24,
    "fields": {
      "slot": "Hero Background Image",
      "default_width": null
    }
  },
  {
    "model": "cms.placeholder",
    "pk": 25,
    "fields": {
      "slot": "Hero Background Image",
      "default_width": null
    }
  },
  {
    "model": "cms.placeholder",
    "pk": 26,
    "fields": {
      "slot": "product section title",
      "default_width": null
    }
  },
  {
    "model": "cms.placeholder",
    "pk": 27,
    "fields": {
      "slot": "product section title",
      "default_width": null
    }
  },
  {
    "model": "cms.placeholder",
    "pk": 28,
    "fields": {
      "slot": "product section date range",
      "default_width": null
    }
  },
  {
    "model": "cms.placeholder",
    "pk": 29,
    "fields": {
      "slot": "product section invited designers",
      "default_width": null
    }
  },
  {
    "model": "cms.placeholder",
    "pk": 30,
    "fields": {
      "slot": "product section date range",
      "default_width": null
    }
  },
  {
    "model": "cms.placeholder",
    "pk": 31,
    "fields": {
      "slot": "product section invited designers",
      "default_width": null
    }
  },
  {
    "model": "cms.placeholder",
    "pk": 32,
    "fields": {
      "slot": "fashion section title",
      "default_width": null
    }
  },
  {
    "model": "cms.placeholder",
    "pk": 33,
    "fields": {
      "slot": "fashion section text",
      "default_width": null
    }
  },
  {
    "model": "cms.placeholder",
    "pk": 34,
    "fields": {
      "slot": "fashion section title",
      "default_width": null
    }
  },
  {
    "model": "cms.placeholder",
    "pk": 35,
    "fields": {
      "slot": "fashion section text",
      "default_width": null
    }
  },
  {
    "model": "cms.placeholder",
    "pk": 36,
    "fields": {
      "slot": "Hero Background Image",
      "default_width": null
    }
  },
  {
    "model": "cms.placeholder",
    "pk": 37,
    "fields": {
      "slot": "hero_title",
      "default_width": null
    }
  },
  {
    "model": "cms.placeholder",
    "pk": 38,
    "fields": {
      "slot": "hero_text",
      "default_width": null
    }
  },
  {
    "model": "cms.placeholder",
    "pk": 39,
    "fields": {
      "slot": "product section title",
      "default_width": null
    }
  },
  {
    "model": "cms.placeholder",
    "pk": 40,
    "fields": {
      "slot": "product section date range",
      "default_width": null
    }
  },
  {
    "model": "cms.placeholder",
    "pk": 41,
    "fields": {
      "slot": "product section invited designers",
      "default_width": null
    }
  },
  {
    "model": "cms.placeholder",
    "pk": 42,
    "fields": {
      "slot": "fashion section title",
      "default_width": null
    }
  },
  {
    "model": "cms.placeholder",
    "pk": 43,
    "fields": {
      "slot": "fashion section text",
      "default_width": null
    }
  },
  {
    "model": "cms.placeholder",
    "pk": 44,
    "fields": {
      "slot": "social networks",
      "default_width": null
    }
  },
  {
    "model": "cms.placeholder",
    "pk": 45,
    "fields": {
      "slot": "Hero Background Image",
      "default_width": null
    }
  },
  {
    "model": "cms.placeholder",
    "pk": 46,
    "fields": {
      "slot": "hero_title",
      "default_width": null
    }
  },
  {
    "model": "cms.placeholder",
    "pk": 47,
    "fields": {
      "slot": "hero_text",
      "default_width": null
    }
  },
  {
    "model": "cms.placeholder",
    "pk": 48,
    "fields": {
      "slot": "product section title",
      "default_width": null
    }
  },
  {
    "model": "cms.placeholder",
    "pk": 49,
    "fields": {
      "slot": "product section date range",
      "default_width": null
    }
  },
  {
    "model": "cms.placeholder",
    "pk": 50,
    "fields": {
      "slot": "product section invited designers",
      "default_width": null
    }
  },
  {
    "model": "cms.placeholder",
    "pk": 51,
    "fields": {
      "slot": "fashion section title",
      "default_width": null
    }
  },
  {
    "model": "cms.placeholder",
    "pk": 52,
    "fields": {
      "slot": "fashion section text",
      "default_width": null
    }
  },
  {
    "model": "cms.placeholder",
    "pk": 53,
    "fields": {
      "slot": "social networks",
      "default_width": null
    }
  },
  {
    "model": "cms.placeholder",
    "pk": 54,
    "fields": {
      "slot": "Hero Background Image",
      "default_width": null
    }
  },
  {
    "model": "cms.placeholder",
    "pk": 55,
    "fields": {
      "slot": "hero_title",
      "default_width": null
    }
  },
  {
    "model": "cms.placeholder",
    "pk": 56,
    "fields": {
      "slot": "hero_text",
      "default_width": null
    }
  },
  {
    "model": "cms.placeholder",
    "pk": 57,
    "fields": {
      "slot": "product section title",
      "default_width": null
    }
  },
  {
    "model": "cms.placeholder",
    "pk": 58,
    "fields": {
      "slot": "product section date range",
      "default_width": null
    }
  },
  {
    "model": "cms.placeholder",
    "pk": 59,
    "fields": {
      "slot": "product section invited designers",
      "default_width": null
    }
  },
  {
    "model": "cms.placeholder",
    "pk": 60,
    "fields": {
      "slot": "fashion section title",
      "default_width": null
    }
  },
  {
    "model": "cms.placeholder",
    "pk": 61,
    "fields": {
      "slot": "fashion section text",
      "default_width": null
    }
  },
  {
    "model": "cms.placeholder",
    "pk": 62,
    "fields": {
      "slot": "social networks",
      "default_width": null
    }
  },
  {
    "model": "cms.placeholder",
    "pk": 63,
    "fields": {
      "slot": "Hero Background Image",
      "default_width": null
    }
  },
  {
    "model": "cms.placeholder",
    "pk": 64,
    "fields": {
      "slot": "hero_title",
      "default_width": null
    }
  },
  {
    "model": "cms.placeholder",
    "pk": 65,
    "fields": {
      "slot": "hero_text",
      "default_width": null
    }
  },
  {
    "model": "cms.placeholder",
    "pk": 66,
    "fields": {
      "slot": "product section title",
      "default_width": null
    }
  },
  {
    "model": "cms.placeholder",
    "pk": 67,
    "fields": {
      "slot": "product section date range",
      "default_width": null
    }
  },
  {
    "model": "cms.placeholder",
    "pk": 68,
    "fields": {
      "slot": "product section invited designers",
      "default_width": null
    }
  },
  {
    "model": "cms.placeholder",
    "pk": 69,
    "fields": {
      "slot": "fashion section title",
      "default_width": null
    }
  },
  {
    "model": "cms.placeholder",
    "pk": 70,
    "fields": {
      "slot": "fashion section text",
      "default_width": null
    }
  },
  {
    "model": "cms.placeholder",
    "pk": 71,
    "fields": {
      "slot": "social networks",
      "default_width": null
    }
  },
  {
    "model": "cms.placeholder",
    "pk": 72,
    "fields": {
      "slot": "Hero Background Image",
      "default_width": null
    }
  },
  {
    "model": "cms.placeholder",
    "pk": 73,
    "fields": {
      "slot": "hero_title",
      "default_width": null
    }
  },
  {
    "model": "cms.placeholder",
    "pk": 74,
    "fields": {
      "slot": "hero_text",
      "default_width": null
    }
  },
  {
    "model": "cms.placeholder",
    "pk": 75,
    "fields": {
      "slot": "product section title",
      "default_width": null
    }
  },
  {
    "model": "cms.placeholder",
    "pk": 76,
    "fields": {
      "slot": "product section date range",
      "default_width": null
    }
  },
  {
    "model": "cms.placeholder",
    "pk": 77,
    "fields": {
      "slot": "product section invited designers",
      "default_width": null
    }
  },
  {
    "model": "cms.placeholder",
    "pk": 78,
    "fields": {
      "slot": "fashion section title",
      "default_width": null
    }
  },
  {
    "model": "cms.placeholder",
    "pk": 79,
    "fields": {
      "slot": "fashion section text",
      "default_width": null
    }
  },
  {
    "model": "cms.placeholder",
    "pk": 80,
    "fields": {
      "slot": "social networks",
      "default_width": null
    }
  },
  {
    "model": "cms.placeholder",
    "pk": 81,
    "fields": {
      "slot": "social networks",
      "default_width": null
    }
  },
  {
    "model": "cms.placeholder",
    "pk": 82,
    "fields": {
      "slot": "Hero Background Image",
      "default_width": null
    }
  },
  {
    "model": "cms.placeholder",
    "pk": 83,
    "fields": {
      "slot": "hero_title",
      "default_width": null
    }
  },
  {
    "model": "cms.placeholder",
    "pk": 84,
    "fields": {
      "slot": "hero_text",
      "default_width": null
    }
  },
  {
    "model": "cms.placeholder",
    "pk": 85,
    "fields": {
      "slot": "product section title",
      "default_width": null
    }
  },
  {
    "model": "cms.placeholder",
    "pk": 86,
    "fields": {
      "slot": "product section date range",
      "default_width": null
    }
  },
  {
    "model": "cms.placeholder",
    "pk": 87,
    "fields": {
      "slot": "product section invited designers",
      "default_width": null
    }
  },
  {
    "model": "cms.placeholder",
    "pk": 88,
    "fields": {
      "slot": "fashion section title",
      "default_width": null
    }
  },
  {
    "model": "cms.placeholder",
    "pk": 89,
    "fields": {
      "slot": "fashion section text",
      "default_width": null
    }
  },
  {
    "model": "cms.placeholder",
    "pk": 90,
    "fields": {
      "slot": "social networks",
      "default_width": null
    }
  },
  {
    "model": "cms.placeholder",
    "pk": 91,
    "fields": {
      "slot": "hero_title",
      "default_width": null
    }
  },
  {
    "model": "cms.placeholder",
    "pk": 92,
    "fields": {
      "slot": "hero_text",
      "default_width": null
    }
  },
  {
    "model": "cms.placeholder",
    "pk": 93,
    "fields": {
      "slot": "Hero Background Image",
      "default_width": null
    }
  },
  {
    "model": "cms.placeholder",
    "pk": 94,
    "fields": {
      "slot": "hero_title",
      "default_width": null
    }
  },
  {
    "model": "cms.placeholder",
    "pk": 95,
    "fields": {
      "slot": "hero_text",
      "default_width": null
    }
  },
  {
    "model": "cms.placeholder",
    "pk": 96,
    "fields": {
      "slot": "product section title",
      "default_width": null
    }
  },
  {
    "model": "cms.placeholder",
    "pk": 97,
    "fields": {
      "slot": "product section date range",
      "default_width": null
    }
  },
  {
    "model": "cms.placeholder",
    "pk": 98,
    "fields": {
      "slot": "product section invited designers",
      "default_width": null
    }
  },
  {
    "model": "cms.placeholder",
    "pk": 99,
    "fields": {
      "slot": "fashion section title",
      "default_width": null
    }
  },
  {
    "model": "cms.placeholder",
    "pk": 100,
    "fields": {
      "slot": "fashion section text",
      "default_width": null
    }
  },
  {
    "model": "cms.placeholder",
    "pk": 101,
    "fields": {
      "slot": "social networks",
      "default_width": null
    }
  },
  {
    "model": "cms.placeholder",
    "pk": 102,
    "fields": {
      "slot": "Hero Background Image",
      "default_width": null
    }
  },
  {
    "model": "cms.placeholder",
    "pk": 103,
    "fields": {
      "slot": "hero_title",
      "default_width": null
    }
  },
  {
    "model": "cms.placeholder",
    "pk": 104,
    "fields": {
      "slot": "hero_text",
      "default_width": null
    }
  },
  {
    "model": "cms.placeholder",
    "pk": 105,
    "fields": {
      "slot": "product section title",
      "default_width": null
    }
  },
  {
    "model": "cms.placeholder",
    "pk": 106,
    "fields": {
      "slot": "product section date range",
      "default_width": null
    }
  },
  {
    "model": "cms.placeholder",
    "pk": 107,
    "fields": {
      "slot": "product section invited designers",
      "default_width": null
    }
  },
  {
    "model": "cms.placeholder",
    "pk": 108,
    "fields": {
      "slot": "fashion section title",
      "default_width": null
    }
  },
  {
    "model": "cms.placeholder",
    "pk": 109,
    "fields": {
      "slot": "fashion section text",
      "default_width": null
    }
  },
  {
    "model": "cms.placeholder",
    "pk": 110,
    "fields": {
      "slot": "social networks",
      "default_width": null
    }
  },
  {
    "model": "cms.placeholder",
    "pk": 120,
    "fields": {
      "slot": "Hero Background Image",
      "default_width": null
    }
  },
  {
    "model": "cms.placeholder",
    "pk": 121,
    "fields": {
      "slot": "hero_title",
      "default_width": null
    }
  },
  {
    "model": "cms.placeholder",
    "pk": 122,
    "fields": {
      "slot": "hero_text",
      "default_width": null
    }
  },
  {
    "model": "cms.placeholder",
    "pk": 123,
    "fields": {
      "slot": "product section title",
      "default_width": null
    }
  },
  {
    "model": "cms.placeholder",
    "pk": 124,
    "fields": {
      "slot": "product section date range",
      "default_width": null
    }
  },
  {
    "model": "cms.placeholder",
    "pk": 125,
    "fields": {
      "slot": "product section invited designers",
      "default_width": null
    }
  },
  {
    "model": "cms.placeholder",
    "pk": 126,
    "fields": {
      "slot": "fashion section title",
      "default_width": null
    }
  },
  {
    "model": "cms.placeholder",
    "pk": 127,
    "fields": {
      "slot": "fashion section text",
      "default_width": null
    }
  },
  {
    "model": "cms.placeholder",
    "pk": 128,
    "fields": {
      "slot": "social networks",
      "default_width": null
    }
  },
  {
    "model": "cms.placeholder",
    "pk": 129,
    "fields": {
      "slot": "Hero Background Image",
      "default_width": null
    }
  },
  {
    "model": "cms.placeholder",
    "pk": 130,
    "fields": {
      "slot": "hero_title",
      "default_width": null
    }
  },
  {
    "model": "cms.placeholder",
    "pk": 131,
    "fields": {
      "slot": "hero_text",
      "default_width": null
    }
  },
  {
    "model": "cms.placeholder",
    "pk": 132,
    "fields": {
      "slot": "product section title",
      "default_width": null
    }
  },
  {
    "model": "cms.placeholder",
    "pk": 133,
    "fields": {
      "slot": "product section date range",
      "default_width": null
    }
  },
  {
    "model": "cms.placeholder",
    "pk": 134,
    "fields": {
      "slot": "product section invited designers",
      "default_width": null
    }
  },
  {
    "model": "cms.placeholder",
    "pk": 135,
    "fields": {
      "slot": "fashion section title",
      "default_width": null
    }
  },
  {
    "model": "cms.placeholder",
    "pk": 136,
    "fields": {
      "slot": "fashion section text",
      "default_width": null
    }
  },
  {
    "model": "cms.placeholder",
    "pk": 137,
    "fields": {
      "slot": "social networks",
      "default_width": null
    }
  },
  {
    "model": "cms.placeholder",
    "pk": 138,
    "fields": {
      "slot": "social networks",
      "default_width": null
    }
  },
  {
    "model": "cms.placeholder",
    "pk": 148,
    "fields": {
      "slot": "page content",
      "default_width": null
    }
  },
  {
    "model": "cms.placeholder",
    "pk": 149,
    "fields": {
      "slot": "page content",
      "default_width": null
    }
  },
  {
    "model": "cms.placeholder",
    "pk": 150,
    "fields": {
      "slot": "contact form title",
      "default_width": null
    }
  },
  {
    "model": "cms.placeholder",
    "pk": 151,
    "fields": {
      "slot": "contact form title",
      "default_width": null
    }
  },
  {
    "model": "cms.placeholder",
    "pk": 152,
    "fields": {
      "slot": "column right text",
      "default_width": null
    }
  },
  {
    "model": "cms.placeholder",
    "pk": 153,
    "fields": {
      "slot": "column right text",
      "default_width": null
    }
  },
  {
    "model": "cms.placeholder",
    "pk": 154,
    "fields": {
      "slot": "Hero contact info",
      "default_width": null
    }
  },
  {
    "model": "cms.placeholder",
    "pk": 155,
    "fields": {
      "slot": "Hero title",
      "default_width": null
    }
  },
  {
    "model": "cms.placeholder",
    "pk": 156,
    "fields": {
      "slot": "Hero description",
      "default_width": null
    }
  },
  {
    "model": "cms.placeholder",
    "pk": 157,
    "fields": {
      "slot": "Hero contact info",
      "default_width": null
    }
  },
  {
    "model": "cms.placeholder",
    "pk": 158,
    "fields": {
      "slot": "Hero title",
      "default_width": null
    }
  },
  {
    "model": "cms.placeholder",
    "pk": 159,
    "fields": {
      "slot": "Hero description",
      "default_width": null
    }
  },
  {
    "model": "cms.placeholder",
    "pk": 160,
    "fields": {
      "slot": "Page image",
      "default_width": null
    }
  },
  {
    "model": "cms.placeholder",
    "pk": 161,
    "fields": {
      "slot": "Page image",
      "default_width": null
    }
  },
  {
    "model": "cms.placeholder",
    "pk": 162,
    "fields": {
      "slot": "Newsletter title",
      "default_width": null
    }
  },
  {
    "model": "cms.placeholder",
    "pk": 163,
    "fields": {
      "slot": "Newsletter content",
      "default_width": null
    }
  },
  {
    "model": "cms.placeholder",
    "pk": 164,
    "fields": {
      "slot": "Newsletter title",
      "default_width": null
    }
  },
  {
    "model": "cms.placeholder",
    "pk": 165,
    "fields": {
      "slot": "Newsletter content",
      "default_width": null
    }
  },
  {
    "model": "cms.placeholder",
    "pk": 168,
    "fields": {
      "slot": "page content",
      "default_width": null
    }
  },
  {
    "model": "cms.placeholder",
    "pk": 169,
    "fields": {
      "slot": "page content",
      "default_width": null
    }
  },
  {
    "model": "cms.placeholder",
    "pk": 170,
    "fields": {
      "slot": "hero_dates",
      "default_width": null
    }
  },
  {
    "model": "cms.placeholder",
    "pk": 171,
    "fields": {
      "slot": "hero_dates",
      "default_width": null
    }
  },
  {
    "model": "cms.placeholder",
    "pk": 172,
    "fields": {
      "slot": "hero dates text",
      "default_width": null
    }
  },
  {
    "model": "cms.placeholder",
    "pk": 173,
    "fields": {
      "slot": "hero dates text",
      "default_width": null
    }
  },
  {
    "model": "cms.placeholder",
    "pk": 174,
    "fields": {
      "slot": "related blog title",
      "default_width": null
    }
  },
  {
    "model": "cms.placeholder",
    "pk": 175,
    "fields": {
      "slot": "related blog title",
      "default_width": null
    }
  },
  {
    "model": "cms.placeholder",
    "pk": 176,
    "fields": {
      "slot": "page content",
      "default_width": null
    }
  },
  {
    "model": "cms.placeholder",
    "pk": 177,
    "fields": {
      "slot": "social networks",
      "default_width": null
    }
  },
  {
    "model": "cms.placeholder",
    "pk": 178,
    "fields": {
      "slot": "page content",
      "default_width": null
    }
  },
  {
    "model": "cms.placeholder",
    "pk": 179,
    "fields": {
      "slot": "social networks",
      "default_width": null
    }
  },
  {
    "model": "cms.placeholder",
    "pk": 180,
    "fields": {
      "slot": "Hero contact info",
      "default_width": null
    }
  },
  {
    "model": "cms.placeholder",
    "pk": 181,
    "fields": {
      "slot": "Hero title",
      "default_width": null
    }
  },
  {
    "model": "cms.placeholder",
    "pk": 182,
    "fields": {
      "slot": "Hero description",
      "default_width": null
    }
  },
  {
    "model": "cms.placeholder",
    "pk": 183,
    "fields": {
      "slot": "Page image",
      "default_width": null
    }
  },
  {
    "model": "cms.placeholder",
    "pk": 184,
    "fields": {
      "slot": "column right text",
      "default_width": null
    }
  },
  {
    "model": "cms.placeholder",
    "pk": 185,
    "fields": {
      "slot": "contact form title",
      "default_width": null
    }
  },
  {
    "model": "cms.placeholder",
    "pk": 186,
    "fields": {
      "slot": "Newsletter title",
      "default_width": null
    }
  },
  {
    "model": "cms.placeholder",
    "pk": 187,
    "fields": {
      "slot": "Newsletter content",
      "default_width": null
    }
  },
  {
    "model": "cms.placeholder",
    "pk": 188,
    "fields": {
      "slot": "Hero contact info",
      "default_width": null
    }
  },
  {
    "model": "cms.placeholder",
    "pk": 189,
    "fields": {
      "slot": "Hero title",
      "default_width": null
    }
  },
  {
    "model": "cms.placeholder",
    "pk": 190,
    "fields": {
      "slot": "Hero description",
      "default_width": null
    }
  },
  {
    "model": "cms.placeholder",
    "pk": 191,
    "fields": {
      "slot": "Page image",
      "default_width": null
    }
  },
  {
    "model": "cms.placeholder",
    "pk": 192,
    "fields": {
      "slot": "column right text",
      "default_width": null
    }
  },
  {
    "model": "cms.placeholder",
    "pk": 193,
    "fields": {
      "slot": "contact form title",
      "default_width": null
    }
  },
  {
    "model": "cms.placeholder",
    "pk": 194,
    "fields": {
      "slot": "Newsletter title",
      "default_width": null
    }
  },
  {
    "model": "cms.placeholder",
    "pk": 195,
    "fields": {
      "slot": "Newsletter content",
      "default_width": null
    }
  },
  {
    "model": "cms.placeholder",
    "pk": 196,
    "fields": {
      "slot": "Newsletter title",
      "default_width": null
    }
  },
  {
    "model": "cms.placeholder",
    "pk": 197,
    "fields": {
      "slot": "Newsletter title",
      "default_width": null
    }
  },
  {
    "model": "cms.placeholder",
    "pk": 198,
    "fields": {
      "slot": "Newsletter content",
      "default_width": null
    }
  },
  {
    "model": "cms.placeholder",
    "pk": 199,
    "fields": {
      "slot": "Newsletter content",
      "default_width": null
    }
  },
  {
    "model": "cms.placeholder",
    "pk": 200,
    "fields": {
      "slot": "Contact Section button",
      "default_width": null
    }
  },
  {
    "model": "cms.placeholder",
    "pk": 201,
    "fields": {
      "slot": "Contact Section button",
      "default_width": null
    }
  },
  {
    "model": "cms.placeholder",
    "pk": 202,
    "fields": {
      "slot": "Contact Section Title",
      "default_width": null
    }
  },
  {
    "model": "cms.placeholder",
    "pk": 203,
    "fields": {
      "slot": "Contact Section Text",
      "default_width": null
    }
  },
  {
    "model": "cms.placeholder",
    "pk": 204,
    "fields": {
      "slot": "Contact Section Title",
      "default_width": null
    }
  },
  {
    "model": "cms.placeholder",
    "pk": 205,
    "fields": {
      "slot": "Contact Section Text",
      "default_width": null
    }
  },
  {
    "model": "cms.placeholder",
    "pk": 206,
    "fields": {
      "slot": "event cards",
      "default_width": null
    }
  },
  {
    "model": "cms.placeholder",
    "pk": 207,
    "fields": {
      "slot": "event cards",
      "default_width": null
    }
  },
  {
    "model": "cms.cmsplugin",
    "pk": 1,
    "fields": {
      "path": "0001",
      "depth": 1,
      "numchild": 0,
      "placeholder": 20,
      "parent": null,
      "position": 0,
      "language": "fr",
      "plugin_type": "PicturePlugin",
      "creation_date": "2018-08-23T22:06:38.299Z",
      "changed_date": "2018-08-28T23:48:23.177Z"
    }
  },
  {
    "model": "cms.cmsplugin",
    "pk": 4,
    "fields": {
      "path": "0003",
      "depth": 1,
      "numchild": 0,
      "placeholder": 8,
      "parent": null,
      "position": 1,
      "language": "fr",
      "plugin_type": "SocialNetworkPlugin",
      "creation_date": "2018-09-04T11:17:25.010Z",
      "changed_date": "2018-09-04T11:17:25.232Z"
    }
  },
  {
    "model": "cms.cmsplugin",
    "pk": 6,
    "fields": {
      "path": "0005",
      "depth": 1,
      "numchild": 0,
      "placeholder": 8,
      "parent": null,
      "position": 0,
      "language": "fr",
      "plugin_type": "SocialNetworkPlugin",
      "creation_date": "2018-09-04T11:20:21.884Z",
      "changed_date": "2018-09-04T11:20:22.091Z"
    }
  },
  {
    "model": "cms.cmsplugin",
    "pk": 10,
    "fields": {
      "path": "0008",
      "depth": 1,
      "numchild": 0,
      "placeholder": 22,
      "parent": null,
      "position": 0,
      "language": "fr",
      "plugin_type": "TextFieldPlugin",
      "creation_date": "2018-09-04T22:48:01.283Z",
      "changed_date": "2018-09-04T22:48:01.299Z"
    }
  },
  {
    "model": "cms.cmsplugin",
    "pk": 13,
    "fields": {
      "path": "000B",
      "depth": 1,
      "numchild": 0,
      "placeholder": 23,
      "parent": null,
      "position": 0,
      "language": "fr",
      "plugin_type": "TextFieldPlugin",
      "creation_date": "2018-09-04T22:48:01.283Z",
      "changed_date": "2018-09-04T22:48:03.953Z"
    }
  },
  {
    "model": "cms.cmsplugin",
    "pk": 14,
    "fields": {
      "path": "000C",
      "depth": 1,
      "numchild": 0,
      "placeholder": 24,
      "parent": null,
      "position": 0,
      "language": "fr",
      "plugin_type": "HeroBackgroundImagePlugin",
      "creation_date": "2018-09-05T01:13:19.395Z",
      "changed_date": "2018-09-05T01:13:19.410Z"
    }
  },
  {
    "model": "cms.cmsplugin",
    "pk": 18,
    "fields": {
      "path": "000G",
      "depth": 1,
      "numchild": 0,
      "placeholder": 4,
      "parent": null,
      "position": 0,
      "language": "fr",
      "plugin_type": "TextFieldPlugin",
      "creation_date": "2018-09-05T02:01:22.178Z",
      "changed_date": "2018-09-05T02:01:22.195Z"
    }
  },
  {
    "model": "cms.cmsplugin",
    "pk": 23,
    "fields": {
      "path": "000L",
      "depth": 1,
      "numchild": 0,
      "placeholder": 5,
      "parent": null,
      "position": 0,
      "language": "fr",
      "plugin_type": "TextFieldPlugin",
      "creation_date": "2018-09-05T02:01:55.332Z",
      "changed_date": "2018-09-05T02:01:55.342Z"
    }
  },
  {
    "model": "cms.cmsplugin",
    "pk": 29,
    "fields": {
      "path": "000R",
      "depth": 1,
      "numchild": 0,
      "placeholder": 26,
      "parent": null,
      "position": 0,
      "language": "fr",
      "plugin_type": "TextFieldPlugin",
      "creation_date": "2018-09-05T11:11:20.985Z",
      "changed_date": "2018-09-05T11:11:20.994Z"
    }
  },
  {
    "model": "cms.cmsplugin",
    "pk": 42,
    "fields": {
      "path": "000Y",
      "depth": 1,
      "numchild": 0,
      "placeholder": 29,
      "parent": null,
      "position": 0,
      "language": "fr",
      "plugin_type": "TextFieldPlugin",
      "creation_date": "2018-09-05T11:12:55.050Z",
      "changed_date": "2018-09-05T11:12:55.058Z"
    }
  },
  {
    "model": "cms.cmsplugin",
    "pk": 43,
    "fields": {
      "path": "000Z",
      "depth": 1,
      "numchild": 0,
      "placeholder": 28,
      "parent": null,
      "position": 0,
      "language": "fr",
      "plugin_type": "TextFieldPlugin",
      "creation_date": "2018-09-05T11:13:15.130Z",
      "changed_date": "2018-09-05T11:13:15.139Z"
    }
  },
  {
    "model": "cms.cmsplugin",
    "pk": 52,
    "fields": {
      "path": "0018",
      "depth": 1,
      "numchild": 0,
      "placeholder": 32,
      "parent": null,
      "position": 0,
      "language": "fr",
      "plugin_type": "TextFieldPlugin",
      "creation_date": "2018-09-05T11:14:47.637Z",
      "changed_date": "2018-09-05T11:14:47.645Z"
    }
  },
  {
    "model": "cms.cmsplugin",
    "pk": 53,
    "fields": {
      "path": "0019",
      "depth": 1,
      "numchild": 0,
      "placeholder": 33,
      "parent": null,
      "position": 0,
      "language": "fr",
      "plugin_type": "TextFieldPlugin",
      "creation_date": "2018-09-05T11:15:50.142Z",
      "changed_date": "2018-09-05T11:15:50.151Z"
    }
  },
  {
    "model": "cms.cmsplugin",
    "pk": 74,
    "fields": {
      "path": "001K",
      "depth": 1,
      "numchild": 0,
      "placeholder": 91,
      "parent": null,
      "position": 0,
      "language": "fr",
      "plugin_type": "TextFieldPlugin",
      "creation_date": "2018-09-07T02:52:03.613Z",
      "changed_date": "2018-09-07T02:52:03.622Z"
    }
  },
  {
    "model": "cms.cmsplugin",
    "pk": 75,
    "fields": {
      "path": "001L",
      "depth": 1,
      "numchild": 0,
      "placeholder": 92,
      "parent": null,
      "position": 0,
      "language": "fr",
      "plugin_type": "TextFieldPlugin",
      "creation_date": "2018-09-07T02:52:23.269Z",
      "changed_date": "2018-09-07T02:52:23.277Z"
    }
  },
  {
    "model": "cms.cmsplugin",
    "pk": 78,
    "fields": {
      "path": "001O",
      "depth": 1,
      "numchild": 0,
      "placeholder": 20,
      "parent": null,
      "position": 1,
      "language": "fr",
      "plugin_type": "PicturePlugin",
      "creation_date": "2018-09-09T14:17:51.618Z",
      "changed_date": "2018-09-09T14:17:51.645Z"
    }
  },
  {
    "model": "cms.cmsplugin",
    "pk": 89,
    "fields": {
      "path": "001Z",
      "depth": 1,
      "numchild": 0,
      "placeholder": 21,
      "parent": null,
      "position": 0,
      "language": "fr",
      "plugin_type": "PicturePlugin",
      "creation_date": "2018-09-09T14:17:54.599Z",
      "changed_date": "2018-09-09T14:17:54.602Z"
    }
  },
  {
    "model": "cms.cmsplugin",
    "pk": 90,
    "fields": {
      "path": "0020",
      "depth": 1,
      "numchild": 0,
      "placeholder": 21,
      "parent": null,
      "position": 1,
      "language": "fr",
      "plugin_type": "PicturePlugin",
      "creation_date": "2018-09-09T14:17:51.618Z",
      "changed_date": "2018-09-09T14:17:54.610Z"
    }
  },
  {
    "model": "cms.cmsplugin",
    "pk": 91,
    "fields": {
      "path": "0021",
      "depth": 1,
      "numchild": 0,
      "placeholder": 94,
      "parent": null,
      "position": 0,
      "language": "fr",
      "plugin_type": "TextFieldPlugin",
      "creation_date": "2018-09-09T18:53:32.101Z",
      "changed_date": "2018-09-09T18:53:32.119Z"
    }
  },
  {
    "model": "cms.cmsplugin",
    "pk": 92,
    "fields": {
      "path": "0022",
      "depth": 1,
      "numchild": 0,
      "placeholder": 95,
      "parent": null,
      "position": 0,
      "language": "fr",
      "plugin_type": "TextFieldPlugin",
      "creation_date": "2018-09-09T18:53:52.403Z",
      "changed_date": "2018-09-09T18:53:52.411Z"
    }
  },
  {
    "model": "cms.cmsplugin",
    "pk": 95,
    "fields": {
      "path": "0025",
      "depth": 1,
      "numchild": 0,
      "placeholder": 121,
      "parent": null,
      "position": 0,
      "language": "fr",
      "plugin_type": "TextFieldPlugin",
      "creation_date": "2018-09-13T01:31:53.812Z",
      "changed_date": "2018-09-13T01:31:53.821Z"
    }
  },
  {
    "model": "cms.cmsplugin",
    "pk": 96,
    "fields": {
      "path": "0026",
      "depth": 1,
      "numchild": 0,
      "placeholder": 122,
      "parent": null,
      "position": 0,
      "language": "fr",
      "plugin_type": "TextFieldPlugin",
      "creation_date": "2018-09-13T01:32:19.704Z",
      "changed_date": "2018-09-13T01:35:10.710Z"
    }
  },
  {
    "model": "cms.cmsplugin",
    "pk": 107,
    "fields": {
      "path": "002D",
      "depth": 1,
      "numchild": 0,
      "placeholder": 148,
      "parent": null,
      "position": 0,
      "language": "fr",
      "plugin_type": "TextFieldPlugin",
      "creation_date": "2018-09-17T03:50:38.076Z",
      "changed_date": "2018-09-17T04:13:06.184Z"
    }
  },
  {
    "model": "cms.cmsplugin",
    "pk": 109,
    "fields": {
      "path": "002E",
      "depth": 1,
      "numchild": 0,
      "placeholder": 149,
      "parent": null,
      "position": 0,
      "language": "fr",
      "plugin_type": "TextFieldPlugin",
      "creation_date": "2018-09-17T03:50:38.076Z",
      "changed_date": "2018-09-17T04:13:08.618Z"
    }
  },
  {
    "model": "cms.cmsplugin",
    "pk": 120,
    "fields": {
      "path": "002P",
      "depth": 1,
      "numchild": 0,
      "placeholder": 150,
      "parent": null,
      "position": 0,
      "language": "fr",
      "plugin_type": "TextFieldPlugin",
      "creation_date": "2018-09-18T00:28:40.774Z",
      "changed_date": "2018-09-18T00:28:40.783Z"
    }
  },
  {
    "model": "cms.cmsplugin",
    "pk": 122,
    "fields": {
      "path": "002R",
      "depth": 1,
      "numchild": 0,
      "placeholder": 152,
      "parent": null,
      "position": 0,
      "language": "fr",
      "plugin_type": "TextFieldPlugin",
      "creation_date": "2018-09-18T00:33:50.952Z",
      "changed_date": "2018-09-18T00:33:50.960Z"
    }
  },
  {
    "model": "cms.cmsplugin",
    "pk": 125,
    "fields": {
      "path": "002U",
      "depth": 1,
      "numchild": 0,
      "placeholder": 157,
      "parent": null,
      "position": 0,
      "language": "fr",
      "plugin_type": "TextFieldPlugin",
      "creation_date": "2018-09-18T00:36:13.724Z",
      "changed_date": "2018-09-18T00:36:13.732Z"
    }
  },
  {
    "model": "cms.cmsplugin",
    "pk": 129,
    "fields": {
      "path": "002Y",
      "depth": 1,
      "numchild": 0,
      "placeholder": 158,
      "parent": null,
      "position": 0,
      "language": "fr",
      "plugin_type": "TextFieldPlugin",
      "creation_date": "2018-09-18T00:36:50.971Z",
      "changed_date": "2018-09-18T00:36:50.978Z"
    }
  },
  {
    "model": "cms.cmsplugin",
    "pk": 130,
    "fields": {
      "path": "002Z",
      "depth": 1,
      "numchild": 0,
      "placeholder": 159,
      "parent": null,
      "position": 0,
      "language": "fr",
      "plugin_type": "TextFieldPlugin",
      "creation_date": "2018-09-18T00:37:23.843Z",
      "changed_date": "2018-09-18T00:37:23.852Z"
    }
  },
  {
    "model": "cms.cmsplugin",
    "pk": 136,
    "fields": {
      "path": "0035",
      "depth": 1,
      "numchild": 0,
      "placeholder": 161,
      "parent": null,
      "position": 0,
      "language": "fr",
      "plugin_type": "HeroBackgroundImagePlugin",
      "creation_date": "2018-09-18T00:39:38.275Z",
      "changed_date": "2018-09-18T00:39:38.285Z"
    }
  },
  {
    "model": "cms.cmsplugin",
    "pk": 143,
    "fields": {
      "path": "003C",
      "depth": 1,
      "numchild": 0,
      "placeholder": 164,
      "parent": null,
      "position": 0,
      "language": "fr",
      "plugin_type": "TextFieldPlugin",
      "creation_date": "2018-09-18T00:41:59.631Z",
      "changed_date": "2018-09-18T00:41:59.639Z"
    }
  },
  {
    "model": "cms.cmsplugin",
    "pk": 144,
    "fields": {
      "path": "003D",
      "depth": 1,
      "numchild": 0,
      "placeholder": 165,
      "parent": null,
      "position": 0,
      "language": "fr",
      "plugin_type": "TextFieldPlugin",
      "creation_date": "2018-09-18T00:42:06.495Z",
      "changed_date": "2018-09-18T00:42:06.503Z"
    }
  },
  {
    "model": "cms.cmsplugin",
    "pk": 145,
    "fields": {
      "path": "003E",
      "depth": 1,
      "numchild": 0,
      "placeholder": 151,
      "parent": null,
      "position": 0,
      "language": "fr",
      "plugin_type": "TextFieldPlugin",
      "creation_date": "2018-09-18T00:28:40.774Z",
      "changed_date": "2018-09-18T00:42:08.691Z"
    }
  },
  {
    "model": "cms.cmsplugin",
    "pk": 146,
    "fields": {
      "path": "003F",
      "depth": 1,
      "numchild": 0,
      "placeholder": 153,
      "parent": null,
      "position": 0,
      "language": "fr",
      "plugin_type": "TextFieldPlugin",
      "creation_date": "2018-09-18T00:33:50.952Z",
      "changed_date": "2018-09-18T00:42:08.703Z"
    }
  },
  {
    "model": "cms.cmsplugin",
    "pk": 147,
    "fields": {
      "path": "003G",
      "depth": 1,
      "numchild": 0,
      "placeholder": 154,
      "parent": null,
      "position": 0,
      "language": "fr",
      "plugin_type": "TextFieldPlugin",
      "creation_date": "2018-09-18T00:36:13.724Z",
      "changed_date": "2018-09-18T00:42:08.715Z"
    }
  },
  {
    "model": "cms.cmsplugin",
    "pk": 148,
    "fields": {
      "path": "003H",
      "depth": 1,
      "numchild": 0,
      "placeholder": 155,
      "parent": null,
      "position": 0,
      "language": "fr",
      "plugin_type": "TextFieldPlugin",
      "creation_date": "2018-09-18T00:36:50.971Z",
      "changed_date": "2018-09-18T00:42:08.726Z"
    }
  },
  {
    "model": "cms.cmsplugin",
    "pk": 149,
    "fields": {
      "path": "003I",
      "depth": 1,
      "numchild": 0,
      "placeholder": 156,
      "parent": null,
      "position": 0,
      "language": "fr",
      "plugin_type": "TextFieldPlugin",
      "creation_date": "2018-09-18T00:37:23.843Z",
      "changed_date": "2018-09-18T00:42:08.738Z"
    }
  },
  {
    "model": "cms.cmsplugin",
    "pk": 150,
    "fields": {
      "path": "003J",
      "depth": 1,
      "numchild": 0,
      "placeholder": 160,
      "parent": null,
      "position": 0,
      "language": "fr",
      "plugin_type": "HeroBackgroundImagePlugin",
      "creation_date": "2018-09-18T00:39:38.275Z",
      "changed_date": "2018-09-18T00:42:08.750Z"
    }
  },
  {
    "model": "cms.cmsplugin",
    "pk": 151,
    "fields": {
      "path": "003K",
      "depth": 1,
      "numchild": 0,
      "placeholder": 162,
      "parent": null,
      "position": 0,
      "language": "fr",
      "plugin_type": "TextFieldPlugin",
      "creation_date": "2018-09-18T00:41:59.631Z",
      "changed_date": "2018-09-18T00:42:08.768Z"
    }
  },
  {
    "model": "cms.cmsplugin",
    "pk": 152,
    "fields": {
      "path": "003L",
      "depth": 1,
      "numchild": 0,
      "placeholder": 163,
      "parent": null,
      "position": 0,
      "language": "fr",
      "plugin_type": "TextFieldPlugin",
      "creation_date": "2018-09-18T00:42:06.495Z",
      "changed_date": "2018-09-18T00:42:08.782Z"
    }
  },
  {
    "model": "cms.cmsplugin",
    "pk": 155,
    "fields": {
      "path": "003O",
      "depth": 1,
      "numchild": 0,
      "placeholder": 172,
      "parent": null,
      "position": 0,
      "language": "fr",
      "plugin_type": "TextFieldPlugin",
      "creation_date": "2018-09-18T03:07:09.783Z",
      "changed_date": "2018-09-18T03:07:09.791Z"
    }
  },
  {
    "model": "cms.cmsplugin",
    "pk": 159,
    "fields": {
      "path": "003P",
      "depth": 1,
      "numchild": 0,
      "placeholder": 103,
      "parent": null,
      "position": 0,
      "language": "fr",
      "plugin_type": "TextFieldPlugin",
      "creation_date": "2018-09-13T01:31:53.812Z",
      "changed_date": "2018-09-18T03:29:08.915Z"
    }
  },
  {
    "model": "cms.cmsplugin",
    "pk": 160,
    "fields": {
      "path": "003Q",
      "depth": 1,
      "numchild": 0,
      "placeholder": 104,
      "parent": null,
      "position": 0,
      "language": "fr",
      "plugin_type": "TextFieldPlugin",
      "creation_date": "2018-09-13T01:32:19.704Z",
      "changed_date": "2018-09-18T03:29:08.937Z"
    }
  },
  {
    "model": "cms.cmsplugin",
    "pk": 161,
    "fields": {
      "path": "003R",
      "depth": 1,
      "numchild": 0,
      "placeholder": 173,
      "parent": null,
      "position": 0,
      "language": "fr",
      "plugin_type": "TextFieldPlugin",
      "creation_date": "2018-09-18T03:07:09.783Z",
      "changed_date": "2018-09-18T03:29:08.960Z"
    }
  },
  {
    "model": "cms.cmsplugin",
    "pk": 162,
    "fields": {
      "path": "003S",
      "depth": 1,
      "numchild": 0,
      "placeholder": 174,
      "parent": null,
      "position": 0,
      "language": "fr",
      "plugin_type": "TextFieldPlugin",
      "creation_date": "2018-09-19T00:29:12.300Z",
      "changed_date": "2018-09-19T00:29:12.318Z"
    }
  },
  {
    "model": "cms.cmsplugin",
    "pk": 163,
    "fields": {
      "path": "003T",
      "depth": 1,
      "numchild": 0,
      "placeholder": 83,
      "parent": null,
      "position": 0,
      "language": "fr",
      "plugin_type": "TextFieldPlugin",
      "creation_date": "2018-09-09T18:53:32.101Z",
      "changed_date": "2018-09-19T00:30:13.130Z"
    }
  },
  {
    "model": "cms.cmsplugin",
    "pk": 164,
    "fields": {
      "path": "003U",
      "depth": 1,
      "numchild": 0,
      "placeholder": 84,
      "parent": null,
      "position": 0,
      "language": "fr",
      "plugin_type": "TextFieldPlugin",
      "creation_date": "2018-09-09T18:53:52.403Z",
      "changed_date": "2018-09-19T00:30:13.143Z"
    }
  },
  {
    "model": "cms.cmsplugin",
    "pk": 165,
    "fields": {
      "path": "003V",
      "depth": 1,
      "numchild": 0,
      "placeholder": 175,
      "parent": null,
      "position": 0,
      "language": "fr",
      "plugin_type": "TextFieldPlugin",
      "creation_date": "2018-09-19T00:29:12.300Z",
      "changed_date": "2018-09-19T00:30:13.174Z"
    }
  },
  {
    "model": "cms.cmsplugin",
    "pk": 166,
    "fields": {
      "path": "003W",
      "depth": 1,
      "numchild": 0,
      "placeholder": 181,
      "parent": null,
      "position": 0,
      "language": "fr",
      "plugin_type": "TextFieldPlugin",
      "creation_date": "2018-09-20T01:31:47.213Z",
      "changed_date": "2018-09-20T02:19:20.156Z"
    }
  },
  {
    "model": "cms.cmsplugin",
    "pk": 168,
    "fields": {
      "path": "003Y",
      "depth": 1,
      "numchild": 0,
      "placeholder": 182,
      "parent": null,
      "position": 0,
      "language": "fr",
      "plugin_type": "TextFieldPlugin",
      "creation_date": "2018-09-20T01:32:11.550Z",
      "changed_date": "2018-09-20T02:19:35.035Z"
    }
  },
  {
    "model": "cms.cmsplugin",
    "pk": 171,
    "fields": {
      "path": "0041",
      "depth": 1,
      "numchild": 0,
      "placeholder": 180,
      "parent": null,
      "position": 0,
      "language": "fr",
      "plugin_type": "TextFieldPlugin",
      "creation_date": "2018-09-20T01:32:39.530Z",
      "changed_date": "2018-09-20T01:32:39.538Z"
    }
  },
  {
    "model": "cms.cmsplugin",
    "pk": 175,
    "fields": {
      "path": "0045",
      "depth": 1,
      "numchild": 0,
      "placeholder": 184,
      "parent": null,
      "position": 0,
      "language": "fr",
      "plugin_type": "TextFieldPlugin",
      "creation_date": "2018-09-20T01:34:27.371Z",
      "changed_date": "2018-09-20T23:27:22.403Z"
    }
  },
  {
    "model": "cms.cmsplugin",
    "pk": 186,
    "fields": {
      "path": "004G",
      "depth": 1,
      "numchild": 0,
      "placeholder": 183,
      "parent": null,
      "position": 0,
      "language": "fr",
      "plugin_type": "HeroBackgroundImagePlugin",
      "creation_date": "2018-09-20T01:36:07.741Z",
      "changed_date": "2018-09-20T01:36:07.751Z"
    }
  },
  {
    "model": "cms.cmsplugin",
    "pk": 197,
    "fields": {
      "path": "004M",
      "depth": 1,
      "numchild": 0,
      "placeholder": 196,
      "parent": null,
      "position": 0,
      "language": "fr",
      "plugin_type": "TextFieldPlugin",
      "creation_date": "2018-09-20T01:37:11.968Z",
      "changed_date": "2018-09-20T01:37:11.977Z"
    }
  },
  {
    "model": "cms.cmsplugin",
    "pk": 198,
    "fields": {
      "path": "004N",
      "depth": 1,
      "numchild": 0,
      "placeholder": 198,
      "parent": null,
      "position": 0,
      "language": "fr",
      "plugin_type": "TextFieldPlugin",
      "creation_date": "2018-09-20T01:37:25.223Z",
      "changed_date": "2018-09-20T01:37:25.232Z"
    }
  },
  {
    "model": "cms.cmsplugin",
    "pk": 204,
    "fields": {
      "path": "004T",
      "depth": 1,
      "numchild": 0,
      "placeholder": 197,
      "parent": null,
      "position": 0,
      "language": "fr",
      "plugin_type": "TextFieldPlugin",
      "creation_date": "2018-09-20T01:37:11.968Z",
      "changed_date": "2018-09-20T01:37:33.964Z"
    }
  },
  {
    "model": "cms.cmsplugin",
    "pk": 205,
    "fields": {
      "path": "004U",
      "depth": 1,
      "numchild": 0,
      "placeholder": 199,
      "parent": null,
      "position": 0,
      "language": "fr",
      "plugin_type": "TextFieldPlugin",
      "creation_date": "2018-09-20T01:37:25.223Z",
      "changed_date": "2018-09-20T01:37:33.985Z"
    }
  },
  {
    "model": "cms.cmsplugin",
    "pk": 221,
    "fields": {
      "path": "0050",
      "depth": 1,
      "numchild": 0,
      "placeholder": 177,
      "parent": null,
      "position": 0,
      "language": "fr",
      "plugin_type": "SocialNetworkPlugin",
      "creation_date": "2018-09-21T02:21:13.447Z",
      "changed_date": "2018-09-21T02:21:13.673Z"
    }
  },
  {
    "model": "cms.cmsplugin",
    "pk": 228,
    "fields": {
      "path": "0057",
      "depth": 1,
      "numchild": 0,
      "placeholder": 73,
      "parent": null,
      "position": 0,
      "language": "fr",
      "plugin_type": "TextFieldPlugin",
      "creation_date": "2018-09-07T02:52:03.613Z",
      "changed_date": "2018-09-22T16:14:32.306Z"
    }
  },
  {
    "model": "cms.cmsplugin",
    "pk": 229,
    "fields": {
      "path": "0058",
      "depth": 1,
      "numchild": 0,
      "placeholder": 74,
      "parent": null,
      "position": 0,
      "language": "fr",
      "plugin_type": "TextFieldPlugin",
      "creation_date": "2018-09-07T02:52:23.269Z",
      "changed_date": "2018-09-22T16:14:32.333Z"
    }
  },
  {
    "model": "cms.cmsplugin",
    "pk": 232,
    "fields": {
      "path": "0059",
      "depth": 1,
      "numchild": 0,
      "placeholder": 201,
      "parent": null,
      "position": 0,
      "language": "fr",
      "plugin_type": "ButtonPlugin",
      "creation_date": "2018-09-22T17:14:15.720Z",
      "changed_date": "2018-09-22T17:14:15.881Z"
    }
  },
  {
    "model": "cms.cmsplugin",
    "pk": 233,
    "fields": {
      "path": "005A",
      "depth": 1,
      "numchild": 0,
      "placeholder": 13,
      "parent": null,
      "position": 0,
      "language": "fr",
      "plugin_type": "TextFieldPlugin",
      "creation_date": "2018-09-05T02:01:22.178Z",
      "changed_date": "2018-09-22T17:15:08.047Z"
    }
  },
  {
    "model": "cms.cmsplugin",
    "pk": 234,
    "fields": {
      "path": "005B",
      "depth": 1,
      "numchild": 0,
      "placeholder": 14,
      "parent": null,
      "position": 0,
      "language": "fr",
      "plugin_type": "TextFieldPlugin",
      "creation_date": "2018-09-05T02:01:55.332Z",
      "changed_date": "2018-09-22T17:15:08.064Z"
    }
  },
  {
    "model": "cms.cmsplugin",
    "pk": 235,
    "fields": {
      "path": "005C",
      "depth": 1,
      "numchild": 0,
      "placeholder": 17,
      "parent": null,
      "position": 1,
      "language": "fr",
      "plugin_type": "SocialNetworkPlugin",
      "creation_date": "2018-09-04T11:17:25.010Z",
      "changed_date": "2018-09-22T17:15:08.081Z"
    }
  },
  {
    "model": "cms.cmsplugin",
    "pk": 236,
    "fields": {
      "path": "005D",
      "depth": 1,
      "numchild": 0,
      "placeholder": 17,
      "parent": null,
      "position": 0,
      "language": "fr",
      "plugin_type": "SocialNetworkPlugin",
      "creation_date": "2018-09-04T11:20:21.884Z",
      "changed_date": "2018-09-22T17:15:08.086Z"
    }
  },
  {
    "model": "cms.cmsplugin",
    "pk": 237,
    "fields": {
      "path": "005E",
      "depth": 1,
      "numchild": 0,
      "placeholder": 25,
      "parent": null,
      "position": 0,
      "language": "fr",
      "plugin_type": "HeroBackgroundImagePlugin",
      "creation_date": "2018-09-05T01:13:19.395Z",
      "changed_date": "2018-09-22T17:15:08.103Z"
    }
  },
  {
    "model": "cms.cmsplugin",
    "pk": 238,
    "fields": {
      "path": "005F",
      "depth": 1,
      "numchild": 0,
      "placeholder": 27,
      "parent": null,
      "position": 0,
      "language": "fr",
      "plugin_type": "TextFieldPlugin",
      "creation_date": "2018-09-05T11:11:20.985Z",
      "changed_date": "2018-09-22T17:15:08.120Z"
    }
  },
  {
    "model": "cms.cmsplugin",
    "pk": 239,
    "fields": {
      "path": "005G",
      "depth": 1,
      "numchild": 0,
      "placeholder": 30,
      "parent": null,
      "position": 0,
      "language": "fr",
      "plugin_type": "TextFieldPlugin",
      "creation_date": "2018-09-05T11:13:15.130Z",
      "changed_date": "2018-09-22T17:15:08.134Z"
    }
  },
  {
    "model": "cms.cmsplugin",
    "pk": 240,
    "fields": {
      "path": "005H",
      "depth": 1,
      "numchild": 0,
      "placeholder": 31,
      "parent": null,
      "position": 0,
      "language": "fr",
      "plugin_type": "TextFieldPlugin",
      "creation_date": "2018-09-05T11:12:55.050Z",
      "changed_date": "2018-09-22T17:15:08.147Z"
    }
  },
  {
    "model": "cms.cmsplugin",
    "pk": 241,
    "fields": {
      "path": "005I",
      "depth": 1,
      "numchild": 0,
      "placeholder": 34,
      "parent": null,
      "position": 0,
      "language": "fr",
      "plugin_type": "TextFieldPlugin",
      "creation_date": "2018-09-05T11:14:47.637Z",
      "changed_date": "2018-09-22T17:15:08.166Z"
    }
  },
  {
    "model": "cms.cmsplugin",
    "pk": 242,
    "fields": {
      "path": "005J",
      "depth": 1,
      "numchild": 0,
      "placeholder": 35,
      "parent": null,
      "position": 0,
      "language": "fr",
      "plugin_type": "TextFieldPlugin",
      "creation_date": "2018-09-05T11:15:50.142Z",
      "changed_date": "2018-09-22T17:15:08.178Z"
    }
  },
  {
    "model": "cms.cmsplugin",
    "pk": 243,
    "fields": {
      "path": "005K",
      "depth": 1,
      "numchild": 0,
      "placeholder": 200,
      "parent": null,
      "position": 0,
      "language": "fr",
      "plugin_type": "ButtonPlugin",
      "creation_date": "2018-09-22T17:14:15.720Z",
      "changed_date": "2018-09-22T17:15:08.190Z"
    }
  },
  {
    "model": "cms.cmsplugin",
    "pk": 244,
    "fields": {
      "path": "005V",
      "depth": 1,
      "numchild": 0,
      "placeholder": 207,
      "parent": null,
      "position": 1,
      "language": "fr",
      "plugin_type": "EventCardPlugin",
      "creation_date": "2018-09-23T23:37:49.227Z",
      "changed_date": "2018-09-23T23:37:49.236Z"
    }
  },
  {
    "model": "cms.cmsplugin",
    "pk": 245,
    "fields": {
      "path": "005M",
      "depth": 1,
      "numchild": 0,
      "placeholder": 207,
      "parent": null,
      "position": 0,
      "language": "fr",
      "plugin_type": "EventCardPlugin",
      "creation_date": "2018-09-23T23:38:28.607Z",
      "changed_date": "2018-09-23T23:38:28.616Z"
    }
  },
  {
    "model": "cms.cmsplugin",
    "pk": 254,
    "fields": {
      "path": "005W",
      "depth": 1,
      "numchild": 0,
      "placeholder": 179,
      "parent": null,
      "position": 0,
      "language": "fr",
      "plugin_type": "SocialNetworkPlugin",
      "creation_date": "2018-09-21T02:21:13.447Z",
      "changed_date": "2018-09-23T23:40:30.293Z"
    }
  },
  {
    "model": "cms.cmsplugin",
    "pk": 255,
    "fields": {
      "path": "005X",
      "depth": 1,
      "numchild": 0,
      "placeholder": 188,
      "parent": null,
      "position": 0,
      "language": "fr",
      "plugin_type": "TextFieldPlugin",
      "creation_date": "2018-09-20T01:32:39.530Z",
      "changed_date": "2018-09-23T23:40:30.307Z"
    }
  },
  {
    "model": "cms.cmsplugin",
    "pk": 256,
    "fields": {
      "path": "005Y",
      "depth": 1,
      "numchild": 0,
      "placeholder": 189,
      "parent": null,
      "position": 0,
      "language": "fr",
      "plugin_type": "TextFieldPlugin",
      "creation_date": "2018-09-20T01:31:47.213Z",
      "changed_date": "2018-09-23T23:40:30.321Z"
    }
  },
  {
    "model": "cms.cmsplugin",
    "pk": 257,
    "fields": {
      "path": "005Z",
      "depth": 1,
      "numchild": 0,
      "placeholder": 190,
      "parent": null,
      "position": 0,
      "language": "fr",
      "plugin_type": "TextFieldPlugin",
      "creation_date": "2018-09-20T01:32:11.550Z",
      "changed_date": "2018-09-23T23:40:30.334Z"
    }
  },
  {
    "model": "cms.cmsplugin",
    "pk": 258,
    "fields": {
      "path": "0060",
      "depth": 1,
      "numchild": 0,
      "placeholder": 191,
      "parent": null,
      "position": 0,
      "language": "fr",
      "plugin_type": "HeroBackgroundImagePlugin",
      "creation_date": "2018-09-20T01:36:07.741Z",
      "changed_date": "2018-09-23T23:40:30.347Z"
    }
  },
  {
    "model": "cms.cmsplugin",
    "pk": 259,
    "fields": {
      "path": "0061",
      "depth": 1,
      "numchild": 0,
      "placeholder": 192,
      "parent": null,
      "position": 0,
      "language": "fr",
      "plugin_type": "TextFieldPlugin",
      "creation_date": "2018-09-20T01:34:27.371Z",
      "changed_date": "2018-09-23T23:40:30.368Z"
    }
  },
  {
    "model": "cms.cmsplugin",
    "pk": 260,
    "fields": {
      "path": "0062",
      "depth": 1,
      "numchild": 0,
      "placeholder": 206,
      "parent": null,
      "position": 0,
      "language": "fr",
      "plugin_type": "EventCardPlugin",
      "creation_date": "2018-09-23T23:38:28.607Z",
      "changed_date": "2018-09-23T23:40:30.392Z"
    }
  },
  {
    "model": "cms.cmsplugin",
    "pk": 261,
    "fields": {
      "path": "0063",
      "depth": 1,
      "numchild": 0,
      "placeholder": 206,
      "parent": null,
      "position": 1,
      "language": "fr",
      "plugin_type": "EventCardPlugin",
      "creation_date": "2018-09-23T23:37:49.227Z",
      "changed_date": "2018-09-23T23:40:30.399Z"
    }
  },
  {
    "model": "cms.title",
    "pk": 6,
    "fields": {
      "language": "fr",
      "title": "Accueil",
      "page_title": "Accueil",
      "menu_title": "",
      "meta_description": "",
      "slug": "accueil",
      "path": "",
      "has_url_overwrite": false,
      "redirect": null,
      "page": 6,
      "creation_date": "2018-08-21T11:22:30.016Z",
      "published": true,
      "publisher_is_draft": true,
      "publisher_public": 7,
      "publisher_state": 0
    }
  },
  {
    "model": "cms.title",
    "pk": 7,
    "fields": {
      "language": "fr",
      "title": "Accueil",
      "page_title": "Accueil",
      "menu_title": "",
      "meta_description": "",
      "slug": "accueil",
      "path": "",
      "has_url_overwrite": false,
      "redirect": null,
      "page": 7,
      "creation_date": "2018-08-21T11:22:30.016Z",
      "published": true,
      "publisher_is_draft": false,
      "publisher_public": 6,
      "publisher_state": 1
    }
  },
  {
    "model": "cms.title",
    "pk": 8,
    "fields": {
      "language": "fr",
      "title": "\u00c0 propos",
      "page_title": "",
      "menu_title": "",
      "meta_description": "",
      "slug": "a-propos",
      "path": "a-propos",
      "has_url_overwrite": false,
      "redirect": "/contact/",
      "page": 8,
      "creation_date": "2018-08-23T22:16:37.545Z",
      "published": true,
      "publisher_is_draft": true,
      "publisher_public": 9,
      "publisher_state": 0
    }
  },
  {
    "model": "cms.title",
    "pk": 9,
    "fields": {
      "language": "fr",
      "title": "\u00c0 propos",
      "page_title": "",
      "menu_title": "",
      "meta_description": "",
      "slug": "a-propos",
      "path": "a-propos",
      "has_url_overwrite": false,
      "redirect": "/contact/",
      "page": 9,
      "creation_date": "2018-08-23T22:16:37.545Z",
      "published": true,
      "publisher_is_draft": false,
      "publisher_public": 8,
      "publisher_state": 1
    }
  },
  {
    "model": "cms.title",
    "pk": 10,
    "fields": {
      "language": "fr",
      "title": "Ressources",
      "page_title": "",
      "menu_title": "",
      "meta_description": "",
      "slug": "ressources",
      "path": "ressources",
      "has_url_overwrite": false,
      "redirect": null,
      "page": 10,
      "creation_date": "2018-08-23T22:17:10.588Z",
      "published": true,
      "publisher_is_draft": true,
      "publisher_public": 12,
      "publisher_state": 0
    }
  },
  {
    "model": "cms.title",
    "pk": 11,
    "fields": {
      "language": "fr",
      "title": "Boutique",
      "page_title": "",
      "menu_title": "",
      "meta_description": "",
      "slug": "boutique",
      "path": "boutique",
      "has_url_overwrite": false,
      "redirect": null,
      "page": 11,
      "creation_date": "2018-08-23T22:17:17.959Z",
      "published": true,
      "publisher_is_draft": true,
      "publisher_public": 13,
      "publisher_state": 0
    }
  },
  {
    "model": "cms.title",
    "pk": 12,
    "fields": {
      "language": "fr",
      "title": "Ressources",
      "page_title": "",
      "menu_title": "",
      "meta_description": "",
      "slug": "ressources",
      "path": "ressources",
      "has_url_overwrite": false,
      "redirect": null,
      "page": 12,
      "creation_date": "2018-08-23T22:17:10.588Z",
      "published": true,
      "publisher_is_draft": false,
      "publisher_public": 10,
      "publisher_state": 1
    }
  },
  {
    "model": "cms.title",
    "pk": 13,
    "fields": {
      "language": "fr",
      "title": "Boutique",
      "page_title": "",
      "menu_title": "",
      "meta_description": "",
      "slug": "boutique",
      "path": "boutique",
      "has_url_overwrite": false,
      "redirect": null,
      "page": 13,
      "creation_date": "2018-08-23T22:17:17.959Z",
      "published": true,
      "publisher_is_draft": false,
      "publisher_public": 11,
      "publisher_state": 1
    }
  },
  {
    "model": "cms.title",
    "pk": 15,
    "fields": {
      "language": "fr",
      "title": "Contact",
      "page_title": "",
      "menu_title": "",
      "meta_description": "",
      "slug": "contact",
      "path": "contact",
      "has_url_overwrite": false,
      "redirect": null,
      "page": 15,
      "creation_date": "2018-08-28T22:58:12.226Z",
      "published": true,
      "publisher_is_draft": true,
      "publisher_public": 16,
      "publisher_state": 0
    }
  },
  {
    "model": "cms.title",
    "pk": 16,
    "fields": {
      "language": "fr",
      "title": "Contact",
      "page_title": "",
      "menu_title": "",
      "meta_description": "",
      "slug": "contact",
      "path": "contact",
      "has_url_overwrite": false,
      "redirect": null,
      "page": 16,
      "creation_date": "2018-08-28T22:58:12.226Z",
      "published": true,
      "publisher_is_draft": false,
      "publisher_public": 15,
      "publisher_state": 1
    }
  },
  {
    "model": "cms.title",
    "pk": 18,
    "fields": {
      "language": "fr",
      "title": "Termes et conditions",
      "page_title": "",
      "menu_title": "",
      "meta_description": "",
      "slug": "termes-et-conditions",
      "path": "termes-et-conditions",
      "has_url_overwrite": false,
      "redirect": null,
      "page": 18,
      "creation_date": "2018-09-05T11:44:09.182Z",
      "published": true,
      "publisher_is_draft": true,
      "publisher_public": 20,
      "publisher_state": 0
    }
  },
  {
    "model": "cms.title",
    "pk": 19,
    "fields": {
      "language": "en",
      "title": "Terms & conditions",
      "page_title": "",
      "menu_title": "",
      "meta_description": "",
      "slug": "terms-conditions",
      "path": "terms-conditions",
      "has_url_overwrite": false,
      "redirect": null,
      "page": 18,
      "creation_date": "2018-09-05T11:44:26.910Z",
      "published": true,
      "publisher_is_draft": true,
      "publisher_public": 21,
      "publisher_state": 0
    }
  },
  {
    "model": "cms.title",
    "pk": 20,
    "fields": {
      "language": "fr",
      "title": "Termes et conditions",
      "page_title": "",
      "menu_title": "",
      "meta_description": "",
      "slug": "termes-et-conditions",
      "path": "termes-et-conditions",
      "has_url_overwrite": false,
      "redirect": null,
      "page": 19,
      "creation_date": "2018-09-05T11:44:09.182Z",
      "published": true,
      "publisher_is_draft": false,
      "publisher_public": 18,
      "publisher_state": 1
    }
  },
  {
    "model": "cms.title",
    "pk": 21,
    "fields": {
      "language": "en",
      "title": "Terms & conditions",
      "page_title": "",
      "menu_title": "",
      "meta_description": "",
      "slug": "terms-conditions",
      "path": "terms-conditions",
      "has_url_overwrite": false,
      "redirect": null,
      "page": 19,
      "creation_date": "2018-09-05T11:44:26.910Z",
      "published": true,
      "publisher_is_draft": false,
      "publisher_public": 19,
      "publisher_state": 0
    }
  },
  {
    "model": "cms.title",
    "pk": 22,
    "fields": {
      "language": "fr",
      "title": "Vie priv\u00e9e",
      "page_title": "",
      "menu_title": "",
      "meta_description": "",
      "slug": "vie-privee",
      "path": "vie-privee",
      "has_url_overwrite": false,
      "redirect": null,
      "page": 20,
      "creation_date": "2018-09-05T11:45:38.346Z",
      "published": true,
      "publisher_is_draft": true,
      "publisher_public": 25,
      "publisher_state": 0
    }
  },
  {
    "model": "cms.title",
    "pk": 23,
    "fields": {
      "language": "en",
      "title": "Privacy",
      "page_title": "",
      "menu_title": "",
      "meta_description": "",
      "slug": "privacy",
      "path": "privacy",
      "has_url_overwrite": false,
      "redirect": null,
      "page": 20,
      "creation_date": "2018-09-05T11:45:48.559Z",
      "published": true,
      "publisher_is_draft": true,
      "publisher_public": 24,
      "publisher_state": 0
    }
  },
  {
    "model": "cms.title",
    "pk": 24,
    "fields": {
      "language": "en",
      "title": "Privacy",
      "page_title": "",
      "menu_title": "",
      "meta_description": "",
      "slug": "privacy",
      "path": "privacy",
      "has_url_overwrite": false,
      "redirect": null,
      "page": 21,
      "creation_date": "2018-09-05T11:45:48.559Z",
      "published": true,
      "publisher_is_draft": false,
      "publisher_public": 23,
      "publisher_state": 0
    }
  },
  {
    "model": "cms.title",
    "pk": 25,
    "fields": {
      "language": "fr",
      "title": "Vie priv\u00e9e",
      "page_title": "",
      "menu_title": "",
      "meta_description": "",
      "slug": "vie-privee",
      "path": "vie-privee",
      "has_url_overwrite": false,
      "redirect": null,
      "page": 21,
      "creation_date": "2018-09-05T11:45:38.346Z",
      "published": true,
      "publisher_is_draft": false,
      "publisher_public": 22,
      "publisher_state": 0
    }
  },
  {
    "model": "cms.title",
    "pk": 26,
    "fields": {
      "language": "fr",
      "title": "Coming Soon",
      "page_title": "",
      "menu_title": "",
      "meta_description": "",
      "slug": "coming-soon",
      "path": "coming-soon",
      "has_url_overwrite": false,
      "redirect": null,
      "page": 22,
      "creation_date": "2018-09-20T01:23:58.263Z",
      "published": true,
      "publisher_is_draft": true,
      "publisher_public": 27,
      "publisher_state": 0
    }
  },
  {
    "model": "cms.title",
    "pk": 27,
    "fields": {
      "language": "fr",
      "title": "Coming Soon",
      "page_title": "",
      "menu_title": "",
      "meta_description": "",
      "slug": "coming-soon",
      "path": "coming-soon",
      "has_url_overwrite": false,
      "redirect": null,
      "page": 23,
      "creation_date": "2018-09-20T01:23:58.263Z",
      "published": true,
      "publisher_is_draft": false,
      "publisher_public": 26,
      "publisher_state": 1
    }
  },
  {
    "model": "cms.staticplaceholder",
    "pk": 1,
    "fields": {
      "name": "",
      "code": "Logo",
      "draft": 20,
      "public": 21,
      "dirty": false,
      "creation_method": "template",
      "site": null
    }
  },
  {
    "model": "cms.staticplaceholder",
    "pk": 2,
    "fields": {
      "name": "",
      "code": "footer text",
      "draft": 22,
      "public": 23,
      "dirty": false,
      "creation_method": "template",
      "site": null
    }
  },
  {
    "model": "cms.staticplaceholder",
    "pk": 3,
    "fields": {
      "name": "",
      "code": "related blog title",
      "draft": 174,
      "public": 175,
      "dirty": false,
      "creation_method": "template",
      "site": null
    }
  },
  {
    "model": "cms.staticplaceholder",
    "pk": 4,
    "fields": {
      "name": "",
      "code": "Newsletter title",
      "draft": 196,
      "public": 197,
      "dirty": false,
      "creation_method": "template",
      "site": null
    }
  },
  {
    "model": "cms.staticplaceholder",
    "pk": 5,
    "fields": {
      "name": "",
      "code": "Newsletter content",
      "draft": 198,
      "public": 199,
      "dirty": false,
      "creation_method": "template",
      "site": null
    }
  },
  {
    "model": "cms.urlconfrevision",
    "pk": 1,
    "fields": {
      "revision": "a20909ff-035e-4e2a-9a3e-b2feddb6ac9f"
    }
  }
]